Partner,Tracking ID,Status
Track.amazon.in,276551336596,
Track.amazon.in,276551431093,
Track.amazon.in,276551544878,
Track.amazon.in,276551775616,
Track.amazon.in,276538257470,
Track.amazon.in,276538522837,
Track.amazon.in,276552250242,
Track.amazon.in,276553355656,
Track.amazon.in,276553425625,
Track.amazon.in,276553478553,
Track.amazon.in,276532544262,
Track.amazon.in,276553592167,
Track.amazon.in,276553646303,
Track.amazon.in,276553711247,
Track.amazon.in,276553811275,
Track.amazon.in,276553888000,
Track.amazon.in,276553952985,