276551336596,CreationConfirmed
276551431093,CreationConfirmed
276551544878,CreationConfirmed
276551775616,CreationConfirmed
276538257470,CreationConfirmed
276538522837,CreationConfirmed
276552250242,CreationConfirmed
276553355656,CreationConfirmed
276553425625,CreationConfirmed
276553478553,CreationConfirmed
276532544262,CreationConfirmed
276553592167,CreationConfirmed
276553646303,CreationConfirmed
276553711247,CreationConfirmed
276553811275,CreationConfirmed
276553888000,CreationConfirmed
276553952985,CreationConfirmed
